user_session,items
003046ee-aebf-42bc-ac1a-fc7c4d12518c,"['appliances.kitchen.dishwasher', 'electronics.video.tv']"
019cff85-41a1-45b6-992c-8dd61d20b14d,"['appliances.kitchen.coffee_machine', 'appliances.kitchen.washer']"
019d5206-767a-44cd-a2f5-0d98ba80241c,"['apparel.shoes.keds', 'apparel.shoes']"
0219a96f-c17e-48a0-bb55-246dac76e398,"['computers.peripherals.mouse', 'computers.peripherals.monitor']"
02248c53-1655-4e66-8607-626d18e7eb63,"['electronics.video.tv', 'electronics.smartphone']"
02e3014e-1948-4127-b3c2-348ff6f3bce7,"['furniture.bedroom.blanket', 'furniture.bedroom.pillow']"
03045c4a-683a-4138-b1ad-2fb19a80d6df,"['electronics.audio.acoustic', 'computers.notebook']"
0309a2fe-b813-c16a-8388-89bd95996b3e,"['appliances.environment.vacuum', 'auto.accessories.alarm']"
031224bf-7ea3-4845-b343-2cd78f9886e3,"['apparel.shoes.keds', 'apparel.shoes']"
03411af5-98d6-4107-98aa-a53b2131436f,"['electronics.smartphone', 'computers.desktop']"
04219658-3f6a-46c8-9d92-ab399a1c1907,"['appliances.kitchen.grill', 'appliances.kitchen.toster', 'electronics.audio.headphone']"
0480ee57-46fc-4db3-b1e5-c4bbf537cb11,"['accessories.bag', 'accessories.wallet']"
049a46ce-807a-4bc1-be50-a7ce2856f3c9,"['electronics.smartphone', 'appliances.environment.air_heater']"
057234df-6811-4fad-b377-48257c3bf4ef,"['accessories.bag', 'appliances.kitchen.washer']"
05d61272-2a7d-4a1c-aff2-ae7f41a4067b,"['auto.accessories.compressor', 'auto.accessories.winch']"
06695674-34ea-47b0-8b25-2ebaf3037e4b,"['auto.accessories.player', 'electronics.audio.subwoofer']"
06baf84b-1606-4a1a-862e-abab3762372d,"['electronics.telephone', 'electronics.smartphone']"
072a1bcf-7300-44e6-b43a-9ebeab6b0dea,"['computers.desktop', 'computers.components.videocards']"
0743315c-767b-40c0-a2ef-3374f67ab82f,"['electronics.smartphone', 'electronics.clocks']"
08274ca9-ca72-483d-9828-684b4c7f0529,"['appliances.environment.vacuum', 'appliances.personal.hair_cutter']"
0846c307-e454-4f97-b007-08039a751220,"['computers.components.power_supply', 'computers.components.memory']"
0926e453-a93b-451d-aff4-d6e5e0a15f18,"['construction.tools.saw', 'construction.tools.drill']"
097f986d-fbc5-4b74-aaab-f6a5906de67b,"['furniture.bathroom.toilet', 'furniture.living_room.sofa']"
09ba57ec-6170-48e3-be00-b174bcbc8830,"['furniture.living_room.sofa', 'appliances.environment.water_heater']"
0a32687e-d24e-456e-8de5-b9c983361ef8,"['construction.tools.saw', 'construction.tools.drill']"
0af9b932-3053-4c4f-8cdc-46a73f3b018b,"['construction.tools.saw', 'construction.tools.drill']"
0bb8ef31-3148-4a14-9f2e-67f0a4a244f8,"['electronics.smartphone', 'electronics.audio.subwoofer']"
0c580fe2-eb83-46fa-bbb4-a12aaef4cb93,"['electronics.video.tv', 'electronics.audio.headphone']"
0d1a5aee-5912-4fe9-b0c1-47c4b895d52c,"['electronics.smartphone', 'electronics.clocks']"
0e7a78ac-78fa-4744-8907-2106497b742d,"['computers.notebook', 'electronics.audio.headphone']"
0e815cc7-9b49-4ce7-be5e-b4e201f0e3b3,"['auto.accessories.videoregister', 'auto.accessories.player', 'electronics.clocks']"
0e8c74e2-b78a-4abe-8359-96096e25f60c,"['electronics.video.tv', 'electronics.audio.acoustic', 'electronics.audio.music_tools.piano']"
0ef65a5f-b0ac-462d-9a95-2936e3e7ad30,"['computers.peripherals.mouse', 'computers.notebook']"
0fb2ea4b-52cc-45ac-94bc-6faaaec33d5d,"['computers.desktop', 'appliances.kitchen.meat_grinder']"
0ff03f3f-7364-4761-8066-db3cb472cd12,"['auto.accessories.videoregister', 'electronics.audio.subwoofer']"
100b634b-7597-4dbd-8af5-d74a068a70d4,"['appliances.kitchen.meat_grinder', 'appliances.kitchen.washer']"
10595a53-3414-452c-baa0-adb281272db5,"['computers.peripherals.printer', 'furniture.living_room.sofa']"
117e8c85-b924-4193-abdc-85382d26d177,"['auto.accessories.player', 'electronics.audio.subwoofer']"
11c6d513-6707-4e54-970f-67de14095db7,"['computers.components.cooler', 'apparel.shoes', 'appliances.personal.hair_cutter']"
11fa8c11-ec5b-4054-8015-1bca5dd9b69b,"['electronics.smartphone', 'apparel.tshirt', 'apparel.shirt']"
12b64f5e-1335-443f-8fa1-c75c489dd1c1,"['appliances.environment.vacuum', 'appliances.ironing_board']"
12f0bf5d-2d4a-4fe2-8428-4cc7c7284051,"['apparel.belt', 'electronics.clocks']"
131c798d-0cdf-46f8-845b-bc0d23aa1aa1,"['appliances.kitchen.refrigerators', 'appliances.kitchen.washer']"
1377a44a-6a49-4469-b7ad-ab8a2bdd2844,"['electronics.smartphone', 'electronics.clocks']"
14640019-5fa0-4815-9a22-a61c513048a3,"['auto.accessories.videoregister', 'electronics.audio.subwoofer']"
1471de44-b20e-4151-b070-2b28c08230dc,"['electronics.smartphone', 'electronics.clocks']"
14db4314-c9db-4f71-8d08-35ad685a41d9,"['apparel.underwear', 'appliances.environment.air_conditioner']"
14eb3e24-be1b-4952-be2d-bea934a30dfc,"['computers.peripherals.camera', 'computers.peripherals.keyboard']"
15017e7c-cd20-451c-be69-e9a218ff87eb,"['apparel.underwear', 'apparel.shoes']"
15387593-0025-4e4a-949f-eb5b7274e93b,"['apparel.dress', 'apparel.shoes']"
1685ff06-296d-4caa-be37-16e38e27a282,"['electronics.smartphone', 'computers.desktop']"
168a96d3-8003-4527-8773-b6965986a2a2,"['appliances.iron', 'appliances.kitchen.kettle']"
16c6b04f-3139-b8d9-1ffe-19626d61ac77,"['electronics.smartphone', 'electronics.clocks']"
172fc147-c2dd-40ce-9c0c-fd76a694a5c3,"['furniture.kitchen.table', 'furniture.kitchen.chair']"
177482a0-3dd8-4dea-8fe9-79d8507a3d9f,"['electronics.audio.subwoofer', 'electronics.smartphone']"
17b40c3e-191b-4740-86b3-511fa4fa4430,"['electronics.telephone', 'electronics.smartphone']"
17d2d7f0-4193-476b-842f-48af8a41a746,"['auto.accessories.player', 'electronics.audio.subwoofer']"
1866af1c-ecf3-4706-913d-bf87b2ddabce,"['appliances.personal.scales', 'appliances.kitchen.coffee_grinder']"
1916d33a-5d6f-4387-a82a-80cee4226409,"['electronics.smartphone', 'computers.notebook']"
1a4a5f0c-32f9-4cab-a3a0-54e3063ce5de,"['accessories.bag', 'computers.notebook']"
1a639b52-809e-454b-8234-a506cd908790,"['kids.toys', 'apparel.shoes']"
1acd3db0-aac5-4475-bb37-fea16d0a000c,"['apparel.shoes.keds', 'apparel.shoes']"
1b02d793-cfab-4f10-9494-6e1b07589893,"['furniture.kitchen.table', 'apparel.shoes.keds']"
1b0bf983-04a6-4e40-a3fd-200be328015a,"['appliances.kitchen.refrigerators', 'appliances.environment.air_conditioner']"
1b2acbbd-6b97-42ff-8873-a6b338c28d82,"['furniture.kitchen.chair', 'appliances.kitchen.washer']"
1b6dbb43-8fcc-492e-818a-3636088cef32,"['apparel.underwear', 'kids.toys']"
1b7ccfc6-0468-cf6d-6cac-e7082ccf5243,"['electronics.telephone', 'electronics.smartphone']"
1be93769-7b8e-4c33-b4b9-764c212dcd91,"['electronics.video.tv', 'electronics.smartphone']"
1c1a1172-e3d6-4d43-a2e0-3e69e1309450,"['electronics.telephone', 'kids.toys']"
1c41da61-68c6-44e8-9189-756a4e814250,"['appliances.environment.vacuum', 'computers.notebook']"
1c6126ed-0180-4f82-b995-e2ace4d7a3fa,"['furniture.bedroom.bed', 'appliances.kitchen.kettle']"
1d293595-8049-4204-b3a2-3b253503b9a2,"['auto.accessories.player', 'electronics.audio.subwoofer']"
1da9a570-fe5e-4d17-9ad4-2daa0c687d73,"['electronics.clocks', 'electronics.audio.headphone']"
1e3b4bb0-388a-4b79-9fff-571ac3b1c2e5,"['appliances.kitchen.mixer', 'appliances.kitchen.refrigerators']"
1e6c54e5-45a7-4907-a54c-ab1003376079,"['electronics.smartphone', 'electronics.clocks']"
1e733276-030c-452a-ae81-44c5ce1d79a7,"['apparel.shoes.keds', 'apparel.shoes']"
1ed7821a-a2bc-47cb-a3a7-a9eec3a6fa1c,"['electronics.smartphone', 'appliances.kitchen.hood']"
1fffb851-e962-4a22-88e0-e3341119d34e,"['electronics.smartphone', 'electronics.clocks']"
20a91106-b1ec-45de-a0dd-be55d819f7b4,"['electronics.clocks', 'electronics.audio.headphone']"
20e76a8e-3aff-48ee-b64c-2384645ea4bf,"['appliances.kitchen.refrigerators', 'appliances.environment.vacuum']"
216e616d-5311-422c-b5b0-95886d421c99,"['computers.peripherals.mouse', 'computers.peripherals.keyboard']"
21ad6ed5-2d2a-4ac9-9af0-b5cb0ce50ddd,"['appliances.environment.vacuum', 'electronics.smartphone']"
21cc6404-1e65-4528-8950-1ae8244163e1,"['kids.carriage', 'apparel.shoes']"
21f7a10d-6efc-427d-96fe-2af37006e34e,"['apparel.shoes.keds', 'apparel.shoes']"
222b7e79-06e0-485c-a02f-d4d7bc476ab5,"['electronics.smartphone', 'electronics.clocks']"
2252195d-8361-4666-b653-21bd12bfa5b0,"['electronics.video.tv', 'appliances.kitchen.washer']"
22665ace-d91c-489b-9a64-172277a11102,"['computers.desktop', 'computers.notebook']"
22ff6b0f-b66b-4b6d-bdd6-efedf7310c3d,"['appliances.environment.vacuum', 'auto.accessories.player']"
233e0066-44aa-4049-8458-94abc0ae9d0c,"['electronics.smartphone', 'electronics.clocks']"
237f81f8-dc8e-4b68-a240-471b791b771a,"['electronics.telephone', 'electronics.smartphone']"
23c368a3-838c-492f-9442-11b8674b5b9a,"['auto.accessories.compressor', 'electronics.audio.subwoofer']"
23c5e94c-c5ee-4662-8b20-6076654923fd,"['apparel.dress', 'apparel.shoes.keds']"
23e5f41e-ba62-4939-8043-af8b69ca7f9e,"['computers.components.hdd', 'computers.components.memory']"
24791c13-69a1-43aa-9b8a-3488a999edc4,"['apparel.shoes.keds', 'computers.notebook']"
24ac7a77-583d-43fd-9cc6-66143137520a,"['appliances.kitchen.kettle', 'apparel.shoes']"
2574d1b6-7812-4c99-b3d3-4193d0a6a640,"['appliances.environment.vacuum', 'electronics.smartphone']"
260599b0-7f62-4974-9165-0977d52f3fc4,"['furniture.living_room.chair', 'furniture.living_room.cabinet']"
261836fd-c204-4dcd-bc5c-16ce2becb6de,"['apparel.shoes.keds', 'apparel.shoes']"
26345d94-7644-4a99-a7f3-57b7ebcfe8b7,"['appliances.environment.vacuum', 'construction.components.faucet']"
26d4668e-8073-40ad-a05f-44c4c2a493e0,"['electronics.smartphone', 'electronics.clocks']"
2730ddb4-ebe4-4083-bff8-ae1593706c60,"['appliances.iron', 'appliances.kitchen.washer']"
2750fa2f-28c8-4e4f-a303-5447c700f4c8,"['apparel.dress', 'apparel.trousers']"
27a12573-0da4-4311-b055-66f467790169,"['electronics.smartphone', 'appliances.kitchen.washer']"
27ca5b36-6773-418f-b155-719527dc6d32,"['auto.accessories.videoregister', 'auto.accessories.player']"
27f068b3-81a7-4cfb-b20f-2369f83029a7,"['apparel.shoes.keds', 'apparel.shoes']"
28ed19ec-b15d-4010-bf6c-7d06332d242d,"['apparel.shoes.keds', 'appliances.kitchen.blender']"
29050013-2c11-4c2d-b6df-38676fd1179d,"['appliances.environment.vacuum', 'construction.tools.light']"
290c10c1-0f25-48bf-b712-92304593bb5a,"['electronics.smartphone', 'electronics.audio.headphone']"
29369b07-ca2f-415e-89a9-a21b6d5f7e5e,"['construction.tools.saw', 'construction.tools.drill']"
293e0243-cca8-452a-9c55-132fd5e39e12,"['electronics.video.tv', 'apparel.costume']"
294e70b5-04b4-477a-9aa9-5e2a66824f4a,"['electronics.smartphone', 'computers.notebook']"
298c7fb8-42df-4858-93d2-8333188de06e,"['appliances.kitchen.refrigerators', 'electronics.smartphone']"
29d5c541-4f55-4464-ab38-0c2400a3c96b,"['electronics.tablet', 'electronics.clocks']"
2a02f381-b84e-4858-9e8f-6917a79bc622,"['computers.desktop', 'electronics.audio.headphone']"
2a1ce1f0-f0d4-409a-af91-844356f83638,"['electronics.video.tv', 'accessories.bag']"
2a3cca42-bd33-452a-adeb-55ac89db31e8,"['accessories.bag', 'computers.notebook']"
2b5e6cd3-20f8-42c2-9e84-3df8c55ab92c,"['electronics.smartphone', 'electronics.audio.headphone']"
2b61696f-4e0b-47b3-9886-33b0d9ab5ac8,"['appliances.kitchen.refrigerators', 'appliances.kitchen.washer']"
2b71e826-2aad-4670-97e7-ccc660dd4564,"['apparel.shoes.keds', 'electronics.smartphone']"
2bcc7b27-f627-4a27-914a-a07f4eae7822,"['apparel.shoes.keds', 'apparel.costume']"
2bfbae10-3bea-4ae7-93a7-7f67518d0886,"['electronics.smartphone', 'computers.notebook']"
2ccc8ebf-2ba6-4ede-9293-4b67892631a0,"['appliances.kitchen.refrigerators', 'electronics.video.tv']"
2cf694ca-1c40-4c95-a118-4dacb94ff030,"['appliances.kitchen.refrigerators', 'computers.desktop']"
2dc36f68-4ad6-4fba-b51f-c0c1783c733e,"['appliances.environment.vacuum', 'appliances.kitchen.grill']"
2dc8543c-03d9-4acb-be95-0085e221e7dd,"['electronics.smartphone', 'computers.notebook']"
2e7e3925-db7a-4060-8a80-755619365c82,"['accessories.wallet', 'apparel.shoes']"
2e8a62b7-b379-4d7c-be0a-65a00aa6bad2,"['electronics.video.tv', 'appliances.environment.water_heater']"
2ec31425-593c-4e64-9f0b-c1a0e8ed2147,"['auto.accessories.player', 'electronics.clocks']"
2f3a1d46-a515-4b29-b0d8-ee72d686e61b,"['appliances.environment.vacuum', 'appliances.kitchen.microwave']"
311cff43-4462-4f9c-8d27-ab991bc3e0a4,"['apparel.shoes.keds', 'apparel.shoes.step_ins']"
31bf5223-0d83-4cbb-a425-6a1570d50297,"['electronics.video.tv', 'computers.notebook']"
31c5391f-1614-4f41-83e5-a79d4999e220,"['computers.desktop', 'electronics.audio.headphone']"
327317f9-d39f-4a24-b123-5fa9d17c310c,"['computers.components.motherboard', 'computers.desktop']"
32c36dba-cd15-47ae-bc5f-b90a649dacce,"['computers.peripherals.monitor', 'computers.components.hdd']"
3304f30f-f756-403d-9de7-f864e69622cb,"['accessories.bag', 'electronics.smartphone', 'electronics.audio.headphone']"
3317fc42-603b-49be-9bc5-eb0d380a0433,"['appliances.kitchen.kettle', 'apparel.shoes']"
332ba714-8008-44a6-bff0-1576c334517d,"['electronics.smartphone', 'computers.peripherals.monitor']"
337e8282-e4d8-475b-8d1c-598aa81b92ad,"['appliances.environment.vacuum', 'furniture.kitchen.chair']"
3430dbe6-887c-4ec6-b7eb-20e648b4f86f,"['appliances.environment.vacuum', 'appliances.kitchen.meat_grinder']"
34d00bcc-148b-4f85-a1c1-95e0317b6397,"['furniture.living_room.sofa', 'appliances.kitchen.hood']"
3560e323-0e93-4aa4-b4ff-10f2bf6d99e3,"['furniture.bedroom.bed', 'furniture.living_room.cabinet']"
35990441-1eb0-4086-a860-4b7fa6e48023,"['apparel.tshirt', 'apparel.shirt']"
3623f01b-df7f-459c-ac0e-181810bb7fa6,"['electronics.smartphone', 'electronics.tablet']"
366297a3-8167-4108-ac31-de816decefbe,"['electronics.smartphone', 'electronics.clocks']"
368a4968-7847-46c2-a19e-34615708d444,"['electronics.smartphone', 'computers.peripherals.monitor']"
36db354f-9e75-4dde-b31b-3b73a1aeb02b,"['apparel.shoes.ballet_shoes', 'apparel.shoes.keds']"
36fd0ed0-f87d-4178-82d9-5c541491ae99,"['computers.components.hdd', 'computers.notebook']"
37076fd0-1b3a-4331-993f-420870566291,"['electronics.video.tv', 'electronics.smartphone']"
37439232-932c-4f09-9ed9-48a10f7275f3,"['appliances.kitchen.hood', 'construction.tools.generator']"
378d3a54-a001-4a8e-991d-019a9e3f8b51,"['apparel.costume', 'apparel.dress']"
37d6f461-e667-4537-9eea-8174b3d66894,"['apparel.shoes.keds', 'apparel.shoes']"
38000ffe-b84d-4890-a8c8-ed5bdb6ba6d6,"['appliances.kitchen.dishwasher', 'appliances.kitchen.microwave']"
3830c93a-9415-4b13-a4cf-d3d57f306145,"['computers.desktop', 'computers.components.videocards']"
38f0e7e4-dfc8-43d1-ad83-1cec12c8a23d,"['electronics.smartphone', 'electronics.clocks']"
390a383a-ceb1-4865-9dc0-0458543da77e,"['electronics.video.tv', 'computers.notebook']"
398e50aa-7d4b-4529-a3f3-97b3adc51f06,"['appliances.kitchen.refrigerators', 'electronics.video.tv']"
3a6d98f9-c257-4351-9cd9-f5807c331286,"['auto.accessories.compressor', 'auto.accessories.winch']"
3a90fc86-de61-4aab-acfe-12d91e219733,"['appliances.kitchen.juicer', 'appliances.personal.scales']"
3ac5a261-e1e9-429e-b15a-f644e02ba6a8,"['appliances.kitchen.oven', 'appliances.kitchen.mixer']"
3ba756a6-c056-4610-8ce6-599ead8f2d90,"['appliances.kitchen.juicer', 'appliances.kitchen.blender']"
3bb002a6-114c-4b41-9bc7-beab6344c92b,"['appliances.kitchen.refrigerators', 'appliances.iron']"
3cd59427-143e-43ea-8d97-45d593b97580,"['electronics.video.tv', 'electronics.smartphone']"
3d9c3afd-6257-4b8f-bfbf-67478ab7db40,"['electronics.telephone', 'electronics.smartphone']"
3dbb2c0c-3a3f-4403-aa72-c665eb5fad8c,"['electronics.smartphone', 'apparel.shoes']"
3e0e92da-99cc-426f-8797-c6b7c6366dc3,"['appliances.environment.vacuum', 'furniture.living_room.cabinet']"
3e15a12a-4633-496d-bce1-8bb6b1d31a38,"['electronics.smartphone', 'appliances.kitchen.washer']"
3e37d534-4d80-4f52-9cf0-8c194407c17f,"['computers.components.power_supply', 'computers.components.memory']"
3e8a895e-446d-4097-8f36-3268882789aa,"['electronics.smartphone', 'electronics.audio.headphone']"
3ed05ae4-dc1c-475a-9be4-677203f458e2,"['auto.accessories.videoregister', 'electronics.audio.subwoofer']"
3edda58e-8d90-45e3-9b29-f23edd414960,"['electronics.video.tv', 'kids.skates']"
3efe91df-6a17-4b97-9476-18cbf3356030,"['auto.accessories.videoregister', 'auto.accessories.alarm']"
3f8fbc03-376f-475f-8767-63de1e6ddfad,"['appliances.environment.vacuum', 'construction.tools.drill']"
3fc3ca74-2912-4c4c-8ddd-4b40782253d2,"['apparel.shoes.keds', 'appliances.kitchen.washer']"
3fe84b6d-b469-4f84-9a77-b7fde92c9f14,"['furniture.living_room.chair', 'computers.desktop']"
40af3f79-9aac-4229-b23a-05b7205405cb,"['auto.accessories.parktronic', 'auto.accessories.alarm']"
40f7be17-b8e9-4d6a-bfc0-c0c63c71e194,"['apparel.shoes.keds', 'computers.desktop']"
4150dbf1-9cdc-4318-bdd3-e1d4751818df,"['electronics.smartphone', 'electronics.audio.headphone']"
4151af17-1ddf-44f0-9f56-847610f5917b,"['electronics.smartphone', 'electronics.tablet']"
41c3d9f1-65a3-4ecc-81f9-56981aaff678,"['apparel.costume', 'apparel.tshirt']"
43315462-7326-4908-81c2-b157497cb372,"['electronics.video.tv', 'appliances.kitchen.washer']"
44799127-bb0c-4591-9422-cb55dc78caca,"['electronics.video.tv', 'computers.notebook']"
44b79330-6d09-42e4-9c1c-7fece9caa94a,"['electronics.video.tv', 'appliances.kitchen.washer']"
4500f97f-34d5-4636-87af-58446ee443f2,"['electronics.telephone', 'kids.skates']"
452675a0-b69d-4e5b-861b-b8f54c28d0b8,"['auto.accessories.player', 'electronics.audio.subwoofer']"
4546c0b6-c47b-47a9-b4a4-5a7903f6c04b,"['accessories.bag', 'electronics.clocks']"
458189be-cdb7-4afd-b1f9-9ea481c39f1e,"['electronics.smartphone', 'electronics.tablet']"
45b46a2d-af22-48b2-ac8e-2ba1a3d16ae3,"['auto.accessories.player', 'auto.accessories.alarm']"
45f74f98-001c-472e-ab85-3d4f03f6b9a4,"['appliances.kitchen.hood', 'appliances.kitchen.washer']"
46b59111-0cd5-4d76-b3cd-654305caf65c,"['appliances.kitchen.blender', 'appliances.kitchen.toster']"
47acf280-e0a2-4659-9857-a3230aad03d6,"['furniture.living_room.cabinet', 'furniture.living_room.sofa']"
48501027-314c-425b-97c9-61b6ba8f6d1b,"['appliances.kitchen.oven', 'appliances.kitchen.blender']"
4865ca12-a80d-49df-8e05-b4d2d4f9f840,"['furniture.kitchen.table', 'sport.trainer']"
48b34093-e6b2-414d-9049-df3c5fbd7bc1,"['appliances.kitchen.kettle', 'electronics.audio.headphone']"
48d7bf11-dfb1-4aad-8a59-ad8bf2fcbaba,"['electronics.video.tv', 'computers.components.motherboard']"
48fe3868-8fc2-4157-b105-5e4495544bc4,"['electronics.tablet', 'kids.fmcg.diapers']"
499ea127-4be6-46ee-87aa-4922580d47cc,"['appliances.kitchen.oven', 'appliances.environment.vacuum', 'appliances.kitchen.hob']"
49be3053-6cf1-4083-ae7c-916ed4a6d1cd,"['appliances.kitchen.refrigerators', 'appliances.kitchen.washer']"
49d98887-928d-4479-8cbd-27653956bdef,"['appliances.kitchen.blender', 'appliances.kitchen.meat_grinder']"
49e4171d-73b8-44a5-8c3a-15e79c76815d,"['computers.desktop', 'appliances.kitchen.hob']"
49f28f7c-3295-4733-a401-6ab6d77fba4b,"['appliances.environment.vacuum', 'construction.tools.painting']"
4a231d5a-c998-451e-b5b6-8a50d2d1250b,"['appliances.kitchen.refrigerators', 'appliances.kitchen.hood']"
4a92862c-90e7-4ea9-874f-b0777b5c16c3,"['apparel.shoes.keds', 'auto.accessories.alarm']"
4acb2547-7e19-4da6-88a7-3a1fdccbe5e4,"['appliances.environment.vacuum', 'furniture.living_room.sofa']"
4ace5ac0-5813-4d2e-b908-be925fb2ecf5,"['computers.components.power_supply', 'computers.components.hdd', 'electronics.audio.headphone']"
4aefc162-a619-4c09-b776-de5adb111834,"['appliances.kitchen.refrigerators', 'appliances.kitchen.hob']"
4b14fcbb-675e-4e29-b468-3d7774af9a54,"['appliances.kitchen.dishwasher', 'appliances.kitchen.washer']"
4b9bbafb-ee3e-416e-8d76-aebf57c7a403,"['electronics.smartphone', 'appliances.kitchen.meat_grinder', 'appliances.kitchen.coffee_grinder']"
4cc0de2c-bcdd-4459-b0ae-54657fa8a485,"['accessories.bag', 'apparel.shoes']"
4d6ecdd4-d720-4e3d-8078-61356fa6b57c,"['construction.tools.saw', 'construction.tools.welding']"
4d8dcfee-d03d-4b2b-84b2-978505ddfdea,"['electronics.smartphone', 'electronics.audio.headphone']"
4eddb944-7fc0-4fd0-abf4-0761c3e74a85,"['electronics.smartphone', 'electronics.clocks']"
4ee04a01-3725-4486-b355-87345983e929,"['auto.accessories.player', 'auto.accessories.parktronic']"
4ee75a50-54eb-46bf-b51f-75034a81f726,"['appliances.kitchen.refrigerators', 'appliances.kitchen.hob']"
4f268e62-e3a7-4de2-b0f7-4e5569b49099,"['furniture.kitchen.table', 'furniture.living_room.cabinet']"
4fa5eb7e-3b7d-439c-b8a4-42d465400c53,"['computers.components.hdd', 'computers.components.videocards']"
4fbaf105-3198-4387-a95c-ab61c8d4311e,"['computers.peripherals.mouse', 'computers.peripherals.keyboard']"
50395a5e-3ccc-402b-b2f1-67b25b902cb4,"['computers.peripherals.keyboard', 'auto.accessories.alarm', 'electronics.clocks']"
50ca0f50-f2cf-497b-84cc-20c2b5c8962e,"['apparel.shoes.keds', 'apparel.shoes']"
51516fec-549e-422d-ba42-a0cb34e23b8b,"['accessories.bag', 'accessories.wallet']"
52157990-c3c7-492a-b92d-217081f86e51,"['electronics.video.tv', 'electronics.smartphone']"
525071b3-1f71-4810-848c-5c79b21e5b5a,"['apparel.shoes.keds', 'electronics.smartphone']"
526adb83-4152-47d4-95b1-b3198a9b1ee0,"['electronics.smartphone', 'electronics.audio.headphone']"
52d992e2-09f1-47a3-9d75-925b56f60ebe,"['auto.accessories.radar', 'appliances.kitchen.refrigerators']"
53446514-ee4f-4731-8a9a-77211d2be529,"['auto.accessories.player', 'computers.notebook']"
53b17a40-f4a9-46e9-8869-ae280497d609,"['computers.desktop', 'appliances.personal.scales']"
53e4990e-f218-485b-bbf0-ce0bb30ac79f,"['computers.components.cpu', 'computers.components.videocards']"
53f3d146-6aee-4777-a7c3-7ae60f709b13,"['kids.carriage', 'kids.swing']"
541dc5c9-5e0f-4a90-8ac6-1cf2e6b2e5be,"['apparel.dress', 'apparel.jeans']"
554f9729-2c4c-42c5-b546-f99f02128ac6,"['electronics.clocks', 'electronics.audio.headphone']"
55d47e60-0711-4da7-bbea-79564978a827,"['appliances.kitchen.oven', 'appliances.kitchen.washer']"
561851ba-4812-45e3-9bbf-9a2eceb9ec5d,"['appliances.kitchen.oven', 'appliances.kitchen.refrigerators']"
56431544-42e9-461a-a2e5-230718c1266f,"['appliances.kitchen.oven', 'appliances.kitchen.hood']"
5675bb97-804d-4c35-9026-07910c937e57,"['furniture.living_room.chair', 'kids.carriage', 'electronics.audio.headphone']"
5698ed57-87d8-496d-bb8e-fdbcbf52115f,"['apparel.costume', 'apparel.tshirt']"
579fd389-364e-407e-aef7-ee8fdffd9423,"['electronics.audio.acoustic', 'electronics.video.projector']"
57d159a7-b924-4ecd-bb80-e45b6603812d,"['electronics.smartphone', 'electronics.clocks']"
5809d191-12d6-b554-3d41-87887517b33b,"['computers.peripherals.monitor', 'electronics.audio.headphone']"
5850040e-0121-4e78-96e6-3203ec224c22,"['electronics.clocks', 'electronics.audio.headphone']"
585040a2-9392-4987-9e5a-8ceb34141ad1,"['apparel.costume', 'apparel.jeans']"
585cf0f9-362a-4da6-b835-c95d1dbfb212,"['appliances.kitchen.refrigerators', 'appliances.environment.vacuum']"
5899aa31-516b-446c-9ad5-945bf290fff1,"['appliances.kitchen.mixer', 'appliances.kitchen.meat_grinder']"
58ca41d5-c5a7-4614-b2ba-85ad4d0d87e9,"['computers.peripherals.printer', 'computers.components.hdd']"
59af39e7-7f8e-4bd4-888f-a6a1006a4be5,"['computers.components.cpu', 'computers.components.videocards']"
59ffd928-ba24-40d7-9764-572ff30e81fc,"['appliances.kitchen.refrigerators', 'appliances.environment.water_heater']"
5a7c6749-29ed-4615-b51e-031ced439760,"['appliances.kitchen.kettle', 'kids.skates']"
5b46bc96-0de6-42e1-9f67-1111bcd23d3f,"['electronics.telephone', 'electronics.smartphone']"
5b98b218-5ebb-4e41-8a16-0d33016b3e66,"['appliances.kitchen.refrigerators', 'appliances.kitchen.hob']"
5ba19d2e-a834-4d7d-b582-91f16d7d2053,"['electronics.smartphone', 'electronics.audio.headphone']"
5c0613f5-7259-4f98-8c18-7cf7680fc293,"['electronics.smartphone', 'computers.notebook']"
5db258af-3aeb-4f92-ae42-773aef88341f,"['appliances.kitchen.refrigerators', 'appliances.kitchen.microwave']"
5e1ce8f7-5f2d-4ada-893a-5b48851ac123,"['apparel.shoes', 'electronics.clocks']"
5e1fceab-4fe8-4324-bf3e-4d6673572f90,"['apparel.costume', 'auto.accessories.player']"
5ee37612-01cd-4be9-9bb7-3cc61bb07e83,"['accessories.bag', 'computers.notebook']"
5eeafaa3-88c6-4aa4-b06b-daff83febace,"['apparel.shoes.keds', 'electronics.clocks']"
5f127186-8c6c-4cc0-aaf5-aaaca977cba3,"['appliances.kitchen.refrigerators', 'kids.skates']"
5fc3b715-e441-4440-949e-fd9dad37e8e7,"['furniture.bedroom.bed', 'furniture.living_room.cabinet']"
601bd7e3-585f-4ed9-8f22-f51d1a6fb9a4,"['electronics.video.tv', 'computers.desktop', 'computers.notebook', 'computers.peripherals.monitor']"
602bd592-21c0-4386-a7bd-ab028a08274d,"['construction.tools.saw', 'construction.tools.drill']"
604e5374-76d2-41f4-ab32-fefd61ff11d7,"['appliances.personal.massager', 'construction.components.faucet']"
60d0a291-2184-4398-8ba1-92902a3c8362,"['apparel.shoes.keds', 'electronics.audio.headphone']"
60d0cc42-72c6-45b6-ba63-62f4fb19dfd2,"['auto.accessories.videoregister', 'construction.tools.drill']"
60e89f4d-de75-46b9-bf3d-33d25ab4835d,"['apparel.shoes.keds', 'electronics.clocks']"
613f100b-183d-4bcb-849b-09c1aa92f1f3,"['appliances.kitchen.kettle', 'electronics.audio.headphone']"
62522d2f-1d12-46db-988d-f30aff3346dc,"['computers.peripherals.mouse', 'electronics.audio.headphone']"
625b3fe9-177b-4b96-ba22-4a7f0d660119,"['furniture.bedroom.bed', 'kids.toys']"
62c01ab1-a407-456c-afd7-2588630debf9,"['electronics.telephone', 'construction.tools.drill']"
636ac6fd-1470-4006-b3de-ce63d8fb3e6a,"['electronics.telephone', 'electronics.smartphone']"
639cf7d1-aeb1-4756-a972-51faf8b3fd4e,"['electronics.smartphone', 'electronics.tablet']"
644fc177-955e-4edf-a481-334ad87ee078,"['furniture.bedroom.bed', 'furniture.living_room.cabinet']"
64672743-7e2c-40cf-bb1b-dc2f3a3c572d,"['kids.carriage', 'kids.toys', 'sport.bicycle']"
64f38155-4d86-466e-aa58-66c9d0a76fc0,"['computers.components.cooler', 'computers.components.videocards']"
651243e2-9f34-48ea-8530-6d5529a6716b,"['furniture.kitchen.chair', 'electronics.smartphone']"
6556cf3c-f029-49b2-8203-c021d0c97804,"['computers.desktop', 'computers.notebook']"
657300af-e55a-4490-b7dd-2cbe173c346f,"['electronics.smartphone', 'electronics.audio.headphone']"
658467da-acad-4087-be6a-aff0128778f7,"['appliances.kitchen.refrigerators', 'appliances.kitchen.washer']"
65ba69ea-5f5c-4f7e-b00f-3ebfc6d88881,"['appliances.environment.vacuum', 'appliances.kitchen.hob', 'appliances.environment.water_heater']"
65c33893-44be-4ba6-bcdc-d5cd4235137c,"['kids.skates', 'electronics.audio.headphone']"
65fe7072-d249-411a-9d7f-fd2cdaf62a76,"['electronics.smartphone', 'electronics.audio.headphone']"
6679a95b-e325-484e-996a-fa2d6ea11b97,"['apparel.shoes.moccasins', 'electronics.clocks']"
66cc4fd2-78c5-450c-a709-12d871d2e00c,"['auto.accessories.player', 'computers.notebook']"
66ed94fd-6410-4e36-a669-a56cf0b43336,"['computers.components.cpu', 'computers.components.hdd']"
67382100-16b8-4f7f-a01b-4423329072db,"['furniture.bedroom.bed', 'furniture.living_room.cabinet']"
675a5cf9-c5bc-4966-904a-a96004ab06c7,"['appliances.kitchen.oven', 'appliances.kitchen.hob']"
67793b5e-4b25-47f1-921b-059cc2ba4714,"['auto.accessories.radar', 'auto.accessories.compressor']"
67ab2dda-8890-43cc-9bb8-7c48f9f7dfaf,"['appliances.environment.vacuum', 'appliances.kitchen.steam_cooker']"
67b6efcb-c8f9-4f93-b5d8-f6cc237d6a17,"['electronics.telephone', 'electronics.smartphone']"
695aa10b-4e79-453f-b27e-72e9ade5d239,"['apparel.shoes.slipons', 'apparel.shoes']"
6a997071-9ea6-4a4e-abe3-45a0efe390be,"['apparel.shoes.keds', 'apparel.underwear']"
6a9d77c9-a2fa-49ea-8fb3-984dc9de1336,"['appliances.kitchen.oven', 'appliances.kitchen.refrigerators']"
6af69792-9863-446a-b2ad-b2546e34b5a3,"['construction.tools.saw', 'construction.tools.drill']"
6b3c117e-6179-4166-ab2b-d100bce7749c,"['auto.accessories.player', 'electronics.audio.subwoofer']"
6c034952-4958-474d-8693-776d80c8d8af,"['apparel.shoes.keds', 'furniture.bedroom.bed']"
6c09d0ec-9c83-49ea-a66e-872a5270a409,"['furniture.bedroom.bed', 'computers.notebook']"
6c0ca295-27a1-493b-bf45-51550f8b224b,"['computers.peripherals.monitor', 'computers.components.videocards']"
6ce79b23-19e8-46f5-a184-00f7be4dab5b,"['appliances.sewing_machine', 'kids.swing']"
6d48ef8d-7ca5-4b1b-8967-086df260b228,"['accessories.umbrella', 'accessories.bag']"
6dba86e8-35fd-47bf-a429-5d950798d47c,"['computers.notebook', 'appliances.kitchen.washer']"
6dc8559e-be68-476d-82f7-3d6d8183f6e0,"['electronics.video.tv', 'appliances.environment.vacuum']"
6e1177b6-bd42-4600-9b6a-0208d8ab8e58,"['electronics.smartphone', 'furniture.living_room.cabinet']"
6e2d25c2-4679-4f36-a012-2a46161bb3bc,"['apparel.shoes.keds', 'electronics.smartphone']"
6e7a2bf1-3494-4cdb-8327-3174d94df2c9,"['electronics.video.tv', 'appliances.environment.vacuum']"
6eb86817-f17a-4bf4-9ae1-4cf3163ba4b3,"['computers.peripherals.keyboard', 'computers.notebook']"
6f4460a6-938e-4b24-b852-f654dfa2ddbc,"['computers.peripherals.mouse', 'computers.desktop']"
6f6e3335-3959-4ac5-a0cd-e889a282384e,"['apparel.shoes.keds', 'furniture.bedroom.bed']"
700b3a7d-04ae-4786-a2d8-04a5c2c7ede1,"['appliances.kitchen.oven', 'appliances.environment.air_heater']"
7017eb06-c00c-4553-8ee7-9180164f61fe,"['electronics.smartphone', 'electronics.clocks']"
7043e5fb-844a-418a-89c1-8d866ea1e54b,"['electronics.telephone', 'electronics.smartphone']"
7065dd5f-2f04-4f67-9184-c8c18182f491,"['auto.accessories.videoregister', 'auto.accessories.alarm']"
71145657-149e-45dc-a52d-0cdbac245ce8,"['appliances.kitchen.grill', 'appliances.kitchen.blender']"
7134dc58-a876-4224-9aae-cf044cbe8d14,"['computers.peripherals.printer', 'computers.notebook']"
717f6657-61da-449d-a94d-5d82dbd4a9e3,"['appliances.kitchen.blender', 'appliances.kitchen.microwave']"
71af45e1-c813-4136-a65b-c0fcd07d7aed,"['appliances.iron', 'appliances.sewing_machine']"
72535c84-22f9-4bdf-8a39-d8aca0ba16a2,"['construction.tools.saw', 'construction.tools.drill']"
72c25841-0e08-4c51-ac47-6f658fdd6fdf,"['apparel.shoes.keds', 'apparel.shoes']"
733107cc-cc40-4b88-ad5c-313b2085a218,"['electronics.clocks', 'electronics.audio.headphone']"
73794186-62e0-4921-83e6-96e7e46035b9,"['auto.accessories.player', 'electronics.audio.subwoofer']"
739edf38-f62c-4f4f-b326-20e20f7e7c42,"['electronics.clocks', 'electronics.audio.headphone']"
73c99cb7-d6ba-4d05-a635-2adae8638a51,"['electronics.video.tv', 'appliances.kitchen.microwave']"
73d3d1d2-548e-48fd-81f1-12a5c30669c6,"['computers.desktop', 'computers.notebook']"
74c6d99e-df17-4a0b-a230-8d97766e9511,"['computers.peripherals.camera', 'electronics.smartphone']"
75044048-a8af-4de9-8026-48e88c05072f,"['electronics.smartphone', 'electronics.clocks']"
7563aef5-0b31-46d0-bedb-f26d8e7d908a,"['appliances.kitchen.mixer', 'appliances.sewing_machine']"
75741261-057c-4ef0-a528-bc848cd5bcae,"['computers.desktop', 'computers.notebook']"
75cdc0d4-ca62-4f84-945a-9e76551be10a,"['auto.accessories.videoregister', 'auto.accessories.alarm']"
75e91824-f788-4897-8627-835d1ef623bb,"['appliances.kitchen.refrigerators', 'appliances.kitchen.meat_grinder']"
762a090e-b321-4fbc-898b-96a5622bed6a,"['furniture.living_room.cabinet', 'construction.tools.saw']"
76f016c0-dd46-4862-890a-ff0ad42c86f6,"['construction.tools.welding', 'construction.tools.drill']"
7790b6fd-8d91-48d1-b88d-b6213e351087,"['appliances.kitchen.refrigerators', 'appliances.kitchen.meat_grinder']"
77a65c86-f77e-4465-91bd-93087aa2e149,"['appliances.kitchen.coffee_machine', 'construction.tools.generator']"
7a4cb413-6270-4bf1-9010-cd598df546c4,"['electronics.smartphone', 'electronics.tablet']"
7a83126b-591c-4fe7-9264-bc7efae726c2,"['computers.peripherals.keyboard', 'computers.peripherals.monitor']"
7ad554a2-57f0-45da-8957-81f47877a62f,"['computers.components.memory', 'computers.components.videocards']"
7b097f67-339a-4108-b659-5d626d64b0db,"['appliances.personal.scales', 'appliances.kitchen.kettle']"
7b6ab845-a172-42f4-af2c-90bc53bd2f50,"['apparel.shoes.keds', 'apparel.shirt']"
7b91a71b-7111-4135-842f-9135917a4e3f,"['appliances.environment.vacuum', 'computers.peripherals.printer']"
7bad3e06-e4d8-4478-9350-2cf93355c15e,"['accessories.bag', 'accessories.wallet']"
7bcc20bf-84a1-4e93-bb7d-70cd5298e68c,"['furniture.bedroom.blanket', 'furniture.bedroom.pillow']"
7be6f4df-2afa-4433-8f9b-d30797488030,"['appliances.environment.vacuum', 'appliances.kitchen.meat_grinder']"
7d0b7d11-2548-4180-8cb7-f333a94b7a5a,"['computers.desktop', 'computers.components.videocards']"
7d15afe7-dbb0-417f-9d40-7eba0af02603,"['electronics.smartphone', 'electronics.audio.subwoofer']"
7d33ba55-b0db-4d50-8118-50a15a6242f7,"['electronics.smartphone', 'computers.notebook']"
7d43a46c-c7d4-439c-9168-f3f23831d3a4,"['electronics.video.tv', 'electronics.smartphone']"
7d7ac81f-8d62-4d38-ad83-132d5cd69e3e,"['auto.accessories.radar', 'auto.accessories.player']"
7d871172-a7d4-4291-8983-5e3ada72b68e,"['electronics.tablet', 'electronics.clocks']"
7e3e8eb9-d6c9-487b-b933-b897eecbf1e7,"['electronics.video.tv', 'auto.accessories.player']"
7e76a93e-7462-4b6d-8e58-91884b1df31c,"['computers.components.cooler', 'computers.components.motherboard']"
7f5e9581-957e-490c-b355-2410b7665b92,"['electronics.smartphone', 'electronics.audio.subwoofer']"
7fe36bf7-4ffa-cfa9-ddde-9cd5199b2356,"['furniture.bedroom.bed', 'furniture.bedroom.pillow']"
80485dd8-b276-4300-b6e7-c80749ccbe5e,"['electronics.smartphone', 'electronics.clocks']"
809e1a18-e084-4616-9bbc-104bb7f14ca2,"['electronics.telephone', 'electronics.smartphone']"
81b18a2f-1c94-413b-ba09-19a1a8ac322b,"['apparel.shoes.keds', 'apparel.shoes']"
81d2c95b-b8c6-4d80-b8ea-514879d1f937,"['electronics.smartphone', 'electronics.clocks']"
82ddd8b2-72f8-4919-95ef-9c7a07890c1f,"['electronics.smartphone', 'appliances.kitchen.microwave']"
83202dcb-8e30-45e3-a559-500f65188b95,"['apparel.shoes.keds', 'apparel.shoes']"
8397d8e3-2565-469a-8970-5a74a9b88d60,"['electronics.video.tv', 'electronics.smartphone']"
83b5f19c-8d1e-4b99-82bb-16242ab122f7,"['appliances.kitchen.juicer', 'appliances.iron']"
83d02cae-252a-4891-aa92-8288bdae2445,"['apparel.costume', 'apparel.shoes']"
83d96042-7c26-41c7-9850-01f11552c681,"['computers.components.cooler', 'computers.desktop', 'computers.notebook']"
8411515a-8bbe-47b4-a9be-abd560a87c75,"['auto.accessories.videoregister', 'auto.accessories.alarm']"
8576dd95-91d5-47c3-aa50-6220118fbd38,"['electronics.tablet', 'computers.notebook']"
85a9697e-c6c8-4973-8cdc-751958e3eb4a,"['accessories.bag', 'accessories.wallet']"
85ca101f-ab3d-49a9-b088-fe3b7442a7a7,"['electronics.smartphone', 'electronics.audio.acoustic']"
860853a9-a94f-41b8-9273-8dfcd8695587,"['apparel.shoes.keds', 'appliances.environment.air_heater']"
885c2dc9-fc4b-4bc4-a779-9b7f5004a388,"['apparel.costume', 'apparel.dress']"
88c6d76f-10f4-461a-b6d0-0e6a60a861b3,"['electronics.smartphone', 'sport.bicycle']"
896968eb-7f08-4630-8067-893fa438be3f,"['apparel.shoes', 'electronics.clocks']"
89a8355a-4664-484c-9b51-6ee1fe675b21,"['appliances.kitchen.mixer', 'appliances.kitchen.coffee_machine']"
89df5206-afc1-44b9-8287-9eb934ae4666,"['appliances.kitchen.refrigerators', 'appliances.kitchen.kettle']"
8a0c0bb0-2d59-40b6-9c23-e97295043156,"['auto.accessories.player', 'apparel.shoes']"
8a2a61e5-1676-475d-8e12-9bcda7178086,"['furniture.bedroom.blanket', 'furniture.bedroom.pillow']"
8aa9b111-266f-4f99-85e8-71e49eec0fd5,"['computers.desktop', 'computers.components.videocards']"
8ad3a828-854f-45c7-8771-4ebb5068d9a3,"['electronics.smartphone', 'appliances.kitchen.microwave']"
8b1fabec-9265-4044-9fc2-068e179ccea1,"['electronics.clocks', 'electronics.audio.headphone']"
8b2dd292-e3bc-46df-b404-0ba8b8d7834d,"['electronics.smartphone', 'construction.tools.saw']"
8b49423f-3d47-43be-b9dc-deec4a97f37b,"['appliances.kitchen.dishwasher', 'appliances.kitchen.coffee_machine']"
8be2e698-a836-4e3c-9f75-6922b9e8b065,"['apparel.shoes', 'appliances.kitchen.washer']"
8c02cd79-ab89-4a3a-9809-d7f0508a5ab8,"['kids.toys', 'electronics.clocks']"
8c32b20f-f0ff-4036-8679-e277d7fee08b,"['electronics.smartphone', 'electronics.audio.headphone']"
8c47af52-9705-4189-9132-683ea6d78419,"['electronics.smartphone', 'appliances.kitchen.washer']"
8c58d80f-6e61-49b2-878f-6bab37d047a4,"['apparel.costume', 'apparel.underwear', 'electronics.clocks']"
8d5dfefe-3ae1-4861-b74c-dc38f728cb8a,"['appliances.kitchen.refrigerators', 'appliances.kitchen.blender']"
8e040a41-1420-c4b2-09d9-ded89014633b,"['computers.desktop', 'computers.peripherals.monitor']"
8e082606-a21d-49ca-a1f6-8972d74906aa,"['computers.components.cpu', 'computers.components.videocards']"
8e87f92d-153e-4f10-b043-d3bc38b22da0,"['apparel.underwear', 'accessories.bag']"
8e9321fd-a199-43d9-8392-9de48c88f16f,"['apparel.shoes.keds', 'apparel.shoes']"
8ec217d4-37bf-41a5-8cc5-74fbf92afe80,"['accessories.umbrella', 'accessories.wallet']"
8f7e4737-d758-4db3-8cb3-bab568f13a3a,"['appliances.kitchen.mixer', 'appliances.kitchen.microwave']"
900ea36e-ac3f-49f0-8e27-1b1d44a52652,"['appliances.kitchen.refrigerators', 'appliances.kitchen.washer']"
911f1e6b-740f-4b21-a210-fa30220e4e54,"['apparel.shoes.keds', 'apparel.shoes']"
918c2a6f-e942-4ad4-b4d8-e9dad7dda9b4,"['computers.desktop', 'computers.notebook']"
91f959bc-b4dc-43f1-8328-14716fb00c17,"['computers.peripherals.mouse', 'accessories.bag', 'electronics.audio.headphone']"
92062660-8030-49ac-83c2-406a548a4e81,"['appliances.kitchen.refrigerators', 'appliances.kitchen.washer']"
923e9cab-85aa-4d13-84d7-00e768dd72c5,"['appliances.kitchen.grill', 'country_yard.lawn_mower']"
9241d5ec-9128-4e44-b881-220d5247d4bc,"['kids.toys', 'construction.tools.light']"
9297bdb7-bf41-4c49-8591-dbf2be69776e,"['electronics.video.tv', 'appliances.kitchen.washer']"
92d49e3b-ee11-41a7-8258-6c145af56749,"['electronics.video.tv', 'appliances.kitchen.washer']"
92f10573-1bea-403c-add3-5f127c86dc16,"['appliances.kitchen.meat_grinder', 'appliances.kitchen.washer']"
938cadf6-7525-49c5-8708-ed294595118b,"['apparel.shirt', 'apparel.shoes.keds', 'apparel.shoes', 'electronics.smartphone', 'electronics.clocks']"
93f61709-0b83-4dd4-bb14-65c2208581b3,"['electronics.smartphone', 'computers.notebook']"
9435e549-f4c7-44dc-a240-3bcaaaa11c61,"['accessories.wallet', 'electronics.clocks']"
952f3a71-7743-4e0d-b2af-bb61412aa575,"['computers.peripherals.mouse', 'electronics.audio.headphone']"
9565bcb3-48f7-4aaa-b2bb-2e69775099f4,"['appliances.environment.vacuum', 'appliances.iron']"
95b3c9e3-3e92-4d88-9f99-132b13fa4bb9,"['computers.components.power_supply', 'computers.components.hdd']"
95d66953-1ab4-4e52-9fa1-344069a6ec87,"['appliances.environment.vacuum', 'construction.components.faucet']"
95dca404-b134-4cbd-84b7-e4b0486a0492,"['computers.components.cooler', 'computers.components.videocards']"
966445be-3fa1-49f0-923b-f7f6185615b1,"['electronics.audio.acoustic', 'electronics.audio.headphone']"
9670588f-d830-4a14-bada-47c357fed620,"['electronics.smartphone', 'appliances.kitchen.washer']"
96fc1a82-c050-4b3a-bdb3-5f55e5949b45,"['electronics.smartphone', 'electronics.audio.headphone']"
97807185-66ec-c17b-389a-886b71e04774,"['appliances.kitchen.dishwasher', 'furniture.living_room.cabinet', 'computers.desktop']"
981d151c-6b7f-4486-a9e8-cee730170fbe,"['auto.accessories.player', 'electronics.audio.subwoofer']"
982b5268-9e60-4625-87dd-10649882f608,"['electronics.smartphone', 'electronics.audio.headphone']"
984195f1-f890-4a7d-9ed7-96c48710bfb5,"['kids.dolls', 'kids.fmcg.diapers']"
9888721f-af5b-4135-bffc-f74674192695,"['computers.components.cpu', 'computers.components.cooler']"
9897988a-651c-4af9-97d2-15a8e2c5a4d2,"['computers.components.cpu', 'electronics.smartphone']"
98a5da17-c4f0-4cb6-b5db-1bfc8601914b,"['furniture.living_room.sofa', 'appliances.kitchen.hood']"
998337fa-2e94-4692-a1c3-fc64f9fbef5f,"['apparel.costume', 'apparel.shoes.keds']"
99aaa9e4-1844-47bd-9d30-eb34f2f2d655,"['auto.accessories.parktronic', 'auto.accessories.alarm']"
9a23abbf-ac0b-4d3b-824c-8c4624e63d9a,"['appliances.kitchen.refrigerators', 'construction.tools.generator']"
9a457eb8-0668-4a02-8279-92fd3152c986,"['accessories.bag', 'accessories.wallet']"
9a9a870f-0ac3-4dce-8a2a-e06208849224,"['electronics.video.tv', 'appliances.kitchen.washer']"
9aa3d020-6b8a-43c4-9874-64068cc9d700,"['electronics.telephone', 'electronics.smartphone']"
9aaba3cf-37c5-43fb-a84d-ab27dab413df,"['electronics.telephone', 'electronics.smartphone']"
9ab9ddc7-1109-49f0-af8e-0e2276206e0c,"['computers.components.power_supply', 'computers.components.motherboard']"
9add5424-b505-4be9-b7b3-4183f7bc57d3,"['appliances.kitchen.mixer', 'electronics.smartphone']"
9b008ab1-8c6d-46f8-9801-92ccd9ac283b,"['auto.accessories.player', 'appliances.iron']"
9c13b565-bd98-4da3-b1b6-e52bb8d61630,"['appliances.kitchen.kettle', 'appliances.kitchen.blender']"
9c59a1f3-e8b5-4562-9da3-f29c28c3f4cc,"['auto.accessories.videoregister', 'computers.notebook', 'electronics.audio.headphone']"
9c7752a8-d16b-4809-994e-71e476dd2e7f,"['electronics.telephone', 'appliances.iron']"
9c88cacc-6664-46b6-9970-fe5187fe0e2b,"['apparel.underwear', 'apparel.jeans']"
9df158bf-a5f4-438e-922d-e2d82af8c6fb,"['electronics.smartphone', 'computers.notebook']"
9e7e1b58-897f-4bb3-947d-1ad6c606179c,"['furniture.living_room.cabinet', 'furniture.living_room.sofa']"
9ebc9bd1-e285-441d-ac94-91d0aae9cb9e,"['electronics.clocks', 'electronics.audio.headphone']"
9ebe514a-bf6b-4b5d-b51e-3f58fc579b95,"['construction.tools.welding', 'construction.tools.drill']"
9f055709-4878-44da-8099-e4ce4f65676f,"['electronics.smartphone', 'accessories.bag']"
a01056c6-503d-4df2-8e20-c2857972dafd,"['appliances.environment.vacuum', 'computers.notebook']"
a0b550cd-cca7-4570-88d7-f240a38b3f90,"['electronics.smartphone', 'electronics.audio.headphone']"
a0c01613-3710-4f0f-9add-b2d972cf8a69,"['electronics.smartphone', 'electronics.audio.headphone']"
a1027535-de3f-4b5e-90ac-e4cb27e0a458,"['electronics.smartphone', 'apparel.shoes']"
a19a7be7-5330-4a8c-a1b4-0dff597eee27,"['computers.components.cpu', 'computers.components.motherboard']"
a1e976ef-21a4-4b45-a09c-ca48974786f9,"['electronics.video.tv', 'computers.notebook']"
a1f72ccf-59aa-42ff-9cb0-75729b012eac,"['appliances.kitchen.coffee_machine', 'appliances.kitchen.coffee_grinder']"
a21021bb-6eed-4a69-bc71-6f62d6e53be0,"['auto.accessories.player', 'electronics.audio.subwoofer']"
a2bdd1ae-bab0-4f60-b8d9-b047eb5855e2,"['furniture.bathroom.bath', 'furniture.living_room.cabinet']"
a2f97e42-5443-4b3f-8046-8b3aa594c0cc,"['appliances.environment.vacuum', 'electronics.smartphone']"
a34d2dd8-d0f0-4b39-97fa-52e2f2a51743,"['electronics.smartphone', 'apparel.shoes']"
a39921f0-55b2-4aa3-b586-90af05bb8472,"['appliances.iron', 'appliances.kitchen.kettle']"
a43511f7-3df7-4a3e-b44a-7014049d52ac,"['construction.tools.saw', 'construction.tools.drill']"
a44cf065-08a5-46b6-8b2d-0e92c6483610,"['electronics.smartphone', 'construction.tools.generator']"
a458a68f-f8eb-4bee-9641-bb6da2765ae2,"['electronics.smartphone', 'computers.notebook']"
a485c94b-e2fd-4984-911b-60b8a99e8df7,"['apparel.jeans', 'apparel.shoes']"
a4b444b9-78ff-4bee-90a9-3ef57ee006c1,"['auto.accessories.player', 'auto.accessories.alarm']"
a52b65c7-3c54-4040-aac8-133d0a965530,"['auto.accessories.videoregister', 'electronics.smartphone']"
a5639f3e-b151-40bf-8934-09f49b82543d,"['appliances.kitchen.refrigerators', 'electronics.audio.acoustic']"
a58cb679-3dcd-43a9-bc15-fe5af03e7397,"['auto.accessories.player', 'electronics.audio.subwoofer']"
a5a3e5b4-d63a-442f-854c-183374539b5f,"['accessories.bag', 'apparel.shoes']"
a5f78ffc-2060-4391-bfe4-5088164b18bf,"['appliances.kitchen.grill', 'appliances.kitchen.meat_grinder']"
a65de49b-8578-4115-a43a-ae3a8c84b500,"['apparel.shoes.step_ins', 'apparel.shoes.moccasins', 'apparel.shoes']"
a7743e9c-b63f-4ec5-845a-42bfbb6c82fc,"['apparel.shoes.slipons', 'apparel.shoes.keds']"
a78feaaf-958c-48e3-a1c8-235594484ecb,"['apparel.shoes.keds', 'apparel.jeans']"
a7ccfa58-0f9e-4a0c-afdb-ac4b8393bfa0,"['furniture.living_room.chair', 'accessories.bag']"
a941ca25-15c4-4147-a1bf-cbef91204c91,"['computers.components.hdd', 'computers.components.memory']"
aa169133-9cd6-43e3-b57f-d11b759bbf23,"['electronics.smartphone', 'electronics.audio.subwoofer']"
aafe0d04-f746-4991-8348-09a16aea499f,"['apparel.dress', 'furniture.living_room.cabinet']"
ab1b61c0-1a22-4bdd-b800-9b1f3cb33e51,"['electronics.smartphone', 'appliances.personal.hair_cutter']"
ab38f6d6-263a-4b90-9cfa-1ec64e04ba20,"['computers.desktop', 'computers.notebook']"
ac3526ce-2282-4254-9b67-4a8f454d2bce,"['computers.desktop', 'computers.notebook']"
ac4992d0-b847-400e-83aa-2f02d340121c,"['furniture.bedroom.bed', 'furniture.living_room.cabinet']"
ad70ce70-dbb5-4646-9e50-9dede0e4685c,"['appliances.kitchen.oven', 'appliances.kitchen.meat_grinder']"
ad9fd565-7c69-439d-adaa-864d8312393f,"['auto.accessories.videoregister', 'electronics.smartphone']"
add60660-bb24-4859-b475-af8d29cb115b,"['appliances.kitchen.refrigerators', 'appliances.kitchen.washer']"
addbab45-20ff-4982-8a28-938908ca8e9f,"['appliances.kitchen.grill', 'appliances.kitchen.blender']"
ae63bc12-c82b-4e9e-b9b4-f94a7bbbdec5,"['furniture.bedroom.bed', 'furniture.living_room.cabinet']"
aed6258b-161f-4ca4-bcc0-21458596c6e7,"['furniture.kitchen.table', 'furniture.living_room.cabinet']"
af36902c-4068-4537-8b4d-fdee8c89298b,"['auto.accessories.compressor', 'electronics.smartphone']"
af5e7668-49ef-4751-ab1d-ee9a28d15f0b,"['apparel.shoes.keds', 'apparel.shoes']"
af89e9dc-2edc-4ca3-85d3-e0255daa0f2d,"['auto.accessories.videoregister', 'auto.accessories.alarm']"
afe5f36c-a2e2-4a3d-997a-8672f6347fdc,"['electronics.smartphone', 'appliances.environment.water_heater']"
aff569bd-6ee1-4f5d-a598-1f50a74cb82e,"['electronics.smartphone', 'electronics.clocks']"
aff632bb-110a-4cd5-9695-b01f0a90db09,"['furniture.bedroom.bed', 'apparel.shoes']"
b03d48e7-8404-4e43-b227-ef27fb924231,"['appliances.kitchen.hood', 'appliances.environment.air_heater']"
b123d125-a20b-4ddc-9c44-8b0947efbfbf,"['auto.accessories.videoregister', 'auto.accessories.alarm']"
b1514adf-c0b1-48f6-ae5f-a8a2ca21ec20,"['electronics.smartphone', 'electronics.tablet']"
b16210ec-6493-4a57-b195-1ad112666c01,"['appliances.kitchen.blender', 'appliances.kitchen.steam_cooker']"
b19d20fe-8046-41b5-a223-f802aa56c259,"['electronics.smartphone', 'electronics.audio.headphone']"
b1a0da85-02d5-4e1e-b652-15cb7eefb1c2,"['appliances.kitchen.blender', 'appliances.sewing_machine']"
b1b50d5e-07b3-4f3c-b006-a8bb96096aec,"['medicine.tools.tonometer', 'appliances.iron']"
b1b7d31b-5205-4099-8d2f-85fe769354bb,"['apparel.shoes.keds', 'apparel.trousers']"
b1d9ec32-7de3-4a86-847f-1ad3d6f23102,"['auto.accessories.player', 'auto.accessories.alarm']"
b227152c-a2eb-431c-aa87-f114c632fe39,"['appliances.kitchen.coffee_machine', 'appliances.kitchen.blender']"
b32ec691-0a0b-47a6-931d-cc3c8dc52810,"['apparel.shoes.keds', 'apparel.shoes']"
b3468c76-ffb4-44fe-8ccb-992be641fff5,"['accessories.bag', 'appliances.sewing_machine']"
b3970d50-102b-470e-92b4-27af3b66c8af,"['apparel.shoes.keds', 'apparel.shoes']"
b3cca955-3e55-4dad-8f79-f6a080f53714,"['computers.components.cooler', 'computers.components.motherboard']"
b3cdb173-309f-450c-b054-d6c8a49ccaf8,"['electronics.smartphone', 'electronics.clocks']"
b435c79b-da15-49aa-bad0-e20c58e405d2,"['appliances.kitchen.refrigerators', 'auto.accessories.alarm']"
b514fd1e-d7ce-4901-9a9b-2b4434c51ee5,"['electronics.audio.acoustic', 'electronics.audio.headphone']"
b55a7432-d1a2-4d10-9f54-2b9c9f2750e1,"['appliances.kitchen.refrigerators', 'appliances.kitchen.washer']"
b653e6e7-5d91-4ba6-8672-b3e584a42c43,"['appliances.kitchen.coffee_machine', 'appliances.environment.vacuum']"
b664fca3-2d96-4128-b2ec-123968b8c143,"['apparel.costume', 'electronics.audio.acoustic']"
b6be6ca6-94b2-4fd3-839f-f39a3e554ab8,"['furniture.kitchen.table', 'electronics.clocks']"
b781f19d-ef13-4276-acba-decc6a687e7d,"['electronics.smartphone', 'electronics.audio.headphone']"
b8338d61-1101-4817-88dc-b29f00ca355c,"['computers.components.motherboard', 'computers.components.memory']"
b88284a7-d463-4315-9bbe-c69f8fbc1cbc,"['electronics.smartphone', 'electronics.clocks']"
b89e122a-ea0a-4694-8efc-6269414239da,"['furniture.living_room.cabinet', 'computers.notebook']"
b8afa5a9-9bbf-4360-8dd4-16f3cd203054,"['auto.accessories.player', 'electronics.audio.subwoofer']"
b8e154a1-7cce-4338-8276-83f8d5c6a4e1,"['electronics.smartphone', 'electronics.clocks']"
b93e96de-b0e9-48e0-9ae3-061c61d57b28,"['computers.desktop', 'computers.components.videocards']"
b9bb6ae0-a801-4900-a8c9-423e6fc630e6,"['electronics.audio.acoustic', 'electronics.audio.headphone']"
ba24f9aa-7149-4611-a4cf-bae5a1626e9c,"['computers.desktop', 'electronics.audio.headphone']"
ba340d92-fcbc-4204-9ded-639318fecae5,"['electronics.smartphone', 'electronics.audio.acoustic']"
ba381c8e-97cd-46f1-a7ff-d412b842d7cf,"['electronics.audio.acoustic', 'electronics.smartphone']"
ba95e763-fe38-4a9f-9abb-fb2439d9208d,"['appliances.kitchen.refrigerators', 'electronics.audio.acoustic']"
bb555e8e-625c-4249-a9e5-defb88d1a633,"['appliances.kitchen.blender', 'appliances.kitchen.steam_cooker']"
bb8da919-5b23-4929-9637-420239a45a8f,"['kids.carriage', 'computers.peripherals.monitor']"
bb98f158-5a9e-4715-b7df-03b9337fca41,"['furniture.bedroom.bed', 'furniture.living_room.cabinet']"
bbc5c32a-8e46-4d4d-a666-b5208fdd4eca,"['appliances.kitchen.kettle', 'appliances.kitchen.meat_grinder']"
bbe7b61c-483e-479a-9a09-327920212a12,"['electronics.video.tv', 'electronics.smartphone']"
bc53e92e-d121-4224-b543-304ae8d9f019,"['appliances.environment.vacuum', 'electronics.audio.microphone']"
bc62ce7b-6ca9-4848-83f1-60d8611b94c4,"['electronics.video.tv', 'electronics.smartphone']"
bc927029-7e4e-4a56-9057-7eec07495364,"['kids.dolls', 'kids.toys']"
bd4a4e6d-52c4-4cf7-bab6-116d8f47f6c6,"['appliances.kitchen.refrigerators', 'computers.notebook']"
bdcbc024-dd1e-4a2a-bac3-94bc590af784,"['appliances.kitchen.refrigerators', 'appliances.personal.massager']"
be49a201-201f-48f5-902f-09bc4d812f44,"['appliances.kitchen.refrigerators', 'appliances.kitchen.washer']"
bed140d4-5a9e-4d83-8efb-7201ae4645ee,"['electronics.smartphone', 'computers.notebook']"
c02eb38b-0541-4888-beee-d45fd67066c8,"['kids.carriage', 'electronics.smartphone']"
c0d9537b-c894-4e18-b0aa-465a7910ce22,"['furniture.bedroom.bed', 'furniture.living_room.cabinet']"
c1c195fb-dba9-4a69-95d9-537a77f39aab,"['apparel.shoes.keds', 'electronics.clocks']"
c1c300cc-9e6f-44c6-bc6e-1886b895e543,"['electronics.smartphone', 'appliances.kitchen.hob']"
c1cfd5a7-9318-4928-94ed-47136f1dfb31,"['kids.toys', 'electronics.smartphone']"
c1e55722-5256-42f0-8105-0ebf08925495,"['electronics.smartphone', 'electronics.clocks']"
c296e45e-a262-4577-8b10-a84cfdc9e09d,"['apparel.trousers', 'apparel.jeans']"
c2eac702-18f0-441c-98d7-bd1dcf129ac8,"['computers.components.cpu', 'computers.components.memory']"
c2ed733c-7680-4080-8686-556c3eb1c283,"['appliances.kitchen.meat_grinder', 'appliances.kitchen.steam_cooker']"
c31fabb4-2d5c-4a76-a406-a88ab28ab717,"['appliances.kitchen.mixer', 'appliances.kitchen.meat_grinder']"
c3294782-49f0-41dc-b001-19ad2d66a506,"['accessories.bag', 'apparel.shoes']"
c3675521-e30f-42ed-94b5-182b1b1f6200,"['apparel.dress', 'apparel.underwear']"
c4eb08fe-414f-4da0-8e49-dc2ad2d9a3f9,"['auto.accessories.player', 'electronics.audio.subwoofer']"
c54562d4-b8d4-49cc-8284-374bb8cf55aa,"['computers.peripherals.monitor', 'computers.notebook']"
c5fb637f-3ebe-4500-8a90-3ee8d00067c7,"['computers.components.cpu', 'computers.desktop']"
c6227e6e-1405-43b9-8435-c7b1775e422c,"['computers.components.cpu', 'computers.components.motherboard']"
c64d2ed7-33dc-4e3b-8335-5c8f56bee68f,"['computers.components.power_supply', 'computers.desktop']"
c655a9ef-d6ac-4940-8a51-276b32b68e36,"['appliances.kitchen.refrigerators', 'electronics.video.tv']"
c6f29505-93d6-44d5-8e4a-1f4357495ccf,"['auto.accessories.player', 'construction.tools.drill']"
c6f7e0ab-0f6e-4436-985b-602bfe3f4b03,"['electronics.clocks', 'electronics.audio.headphone']"
c77c965b-e418-4e7d-92ac-698b5943b0d3,"['electronics.video.tv', 'computers.desktop']"
c7c9bbb3-e5f8-40fc-a0a2-63d9ed2ef8ec,"['electronics.video.tv', 'electronics.audio.acoustic']"
c81a94f8-c34c-4470-8f65-8734a0895018,"['computers.components.cpu', 'computers.components.motherboard']"
c857a5e8-47ff-406f-ab1b-4bf09d85b529,"['apparel.shoes.keds', 'apparel.shoes']"
c88b3327-b4ac-4d6e-849c-1830812be051,"['electronics.smartphone', 'computers.notebook']"
ca0ca082-5fe4-40f0-aed4-f866e9df7df7,"['auto.accessories.player', 'electronics.audio.subwoofer']"
ca57f476-e8c7-454d-a397-5f32aa76ac26,"['electronics.smartphone', 'electronics.audio.headphone']"
cac2f4b6-3b0d-467e-a114-0eb06ff083aa,"['furniture.bedroom.blanket', 'construction.tools.generator']"
cad967cb-b981-4abf-940a-ce62630a9c9e,"['appliances.kitchen.dishwasher', 'apparel.shoes.keds']"
cb1e9858-6a05-4d61-a446-8d89297d1272,"['computers.peripherals.monitor', 'computers.desktop']"
cb3d334f-284d-4ce6-8f4b-706f5e7562d0,"['appliances.kitchen.mixer', 'appliances.kitchen.steam_cooker']"
cb556461-bb7a-4567-93c8-eb9788a47617,"['electronics.smartphone', 'appliances.kitchen.microwave']"
cba85c2b-9d30-46b6-9afe-35deece883d1,"['computers.desktop', 'computers.notebook']"
cbb71d5a-2734-4955-b20c-9710842d1157,"['appliances.personal.scales', 'appliances.personal.massager']"
cbeb71d7-7263-4d51-bcfd-6800b4a8fa62,"['electronics.smartphone', 'electronics.clocks']"
cc0fe577-0056-43f2-9cb2-c21e162002d3,"['computers.desktop', 'electronics.clocks']"
ccab9ef1-7f93-4848-bf4c-45ca06f18009,"['electronics.audio.subwoofer', 'electronics.smartphone']"
cd8b23cc-7ba3-4e4d-8b70-43b42e709fe7,"['appliances.kitchen.refrigerators', 'country_yard.furniture.hammok']"
cdf9f120-f9a7-4778-9b74-0e93f15b37c6,"['computers.desktop', 'computers.notebook']"
ce4893f4-eb06-4fb2-a4b7-0ac2fda69cb3,"['electronics.smartphone', 'appliances.kitchen.washer']"
ced6ba54-d139-462f-a51d-a763e5dfb376,"['electronics.smartphone', 'appliances.kitchen.microwave']"
cfaa95b2-d7ff-4e67-a5ff-fda01edd3541,"['computers.desktop', 'electronics.clocks']"
cfb90a35-9575-495c-b6aa-48ddca2a7a9c,"['appliances.kitchen.oven', 'appliances.kitchen.washer']"
cfe4f424-7317-498d-9b4e-25cd22c8aac9,"['electronics.video.tv', 'appliances.kitchen.washer']"
cff00fa9-270d-4e86-8baf-7dadd5d2b16f,"['auto.accessories.player', 'electronics.audio.subwoofer']"
d03e408a-5f4a-4b93-b87f-a6ec13ee3e05,"['electronics.smartphone', 'electronics.audio.headphone']"
d0aad2f4-2706-6e57-1c37-8d88f2ab5fb3,"['furniture.bedroom.bed', 'construction.tools.light']"
d1047a79-9a18-49a2-8642-fd0d2db5df17,"['electronics.video.tv', 'electronics.smartphone', 'apparel.shoes']"
d16e91df-cf48-462f-a739-2d3fd6c3a2ba,"['appliances.kitchen.refrigerators', 'furniture.living_room.sofa']"
d189c286-92cb-4f9e-ad7a-2a4065e78c5c,"['furniture.kitchen.chair', 'kids.swing']"
d1911650-b864-46e0-9d0a-a567bcbb802c,"['kids.toys', 'electronics.clocks']"
d2408a2c-7258-4239-9044-000678af30ff,"['electronics.video.tv', 'appliances.kitchen.coffee_machine']"
d24e8570-0486-4384-bca4-a0e55c5662e7,"['auto.accessories.player', 'electronics.audio.subwoofer']"
d27b3682-d38e-4249-b7c0-732c47322aae,"['electronics.smartphone', 'electronics.clocks']"
d2860397-3004-4fc1-9b1f-59ef5c583c6b,"['appliances.kitchen.hood', 'appliances.kitchen.hob']"
d2a6a0ea-5563-41fe-b216-75d5931b27f3,"['electronics.tablet', 'computers.notebook']"
d37f7c3e-4614-4218-98ba-1d6d38a1601b,"['electronics.smartphone', 'electronics.audio.headphone']"
d42984a9-c799-4ae6-9aa0-0f9067b4ba7a,"['appliances.kitchen.kettle', 'computers.ebooks']"
d443a59b-f2b4-4e4c-ae1a-e81faf5b5d71,"['apparel.shoes.keds', 'apparel.shoes']"
d497e80d-219f-42d1-8360-1f7190060282,"['apparel.costume', 'apparel.jeans']"
d4beac32-bf0a-4cc9-8f83-b84ade911d70,"['computers.desktop', 'computers.notebook']"
d4ea0581-2bcf-4a0f-9966-3c1672e6bce2,"['appliances.kitchen.refrigerators', 'appliances.environment.vacuum']"
d56a91bd-2b3d-47ef-b192-50a2c0c69fe7,"['appliances.environment.vacuum', 'auto.accessories.alarm']"
d5972573-aadf-45c1-9620-84ea0b6df548,"['appliances.environment.vacuum', 'appliances.kitchen.washer']"
d5c93ac6-15c4-49aa-b236-a73fbbc2a701,"['appliances.kitchen.refrigerators', 'appliances.kitchen.juicer']"
d5ce5e4c-e746-4a6e-a964-575c5c7bb3bc,"['accessories.bag', 'accessories.wallet']"
d611f0d5-5af4-42ed-822e-07c5e202deba,"['electronics.video.tv', 'apparel.shoes']"
d64475c9-662b-457f-b54b-e216dc1bceff,"['appliances.kitchen.oven', 'appliances.kitchen.hob']"
d6780417-1f8e-4324-9bf1-01cf120bd6b3,"['auto.accessories.videoregister', 'auto.accessories.radar']"
d6aca600-98f2-4021-9397-87b8d1366091,"['computers.peripherals.printer', 'electronics.smartphone']"
d6c485dc-90ba-48c0-ac17-7067c831bfcc,"['construction.tools.light', 'furniture.universal.light']"
d6e02d8b-efda-4bb2-b3a3-8aaf50b4d61e,"['electronics.video.tv', 'electronics.smartphone']"
d6edb214-2f1b-4181-a5ec-f7a7124956f6,"['auto.accessories.videoregister', 'accessories.bag']"
d70ea412-40cd-4f7b-a756-0ad54c91e062,"['computers.peripherals.printer', 'computers.notebook']"
d7a65787-245a-4b6d-a383-43e8d62ab9a2,"['electronics.clocks', 'appliances.kitchen.washer']"
d92109a6-0535-44d8-892b-88c871019bc6,"['electronics.smartphone', 'appliances.iron']"
d96b5cfb-67d1-4e79-ac6c-8136c8377aa3,"['electronics.tablet', 'electronics.clocks']"
d98ad82e-ee11-4a6a-bf32-8a10f34329d9,"['furniture.bedroom.bed', 'furniture.living_room.cabinet']"
da508f14-d670-45ba-8b7f-31c3bf7b38b8,"['appliances.kitchen.hood', 'appliances.kitchen.washer']"
dac4af2f-4cae-426b-8bc1-ada596069ada,"['furniture.kitchen.table', 'computers.desktop']"
dd065e52-6520-45ca-9103-57d27c0eb1db,"['auto.accessories.player', 'electronics.audio.subwoofer']"
dd6a1d2d-3ef6-4f9d-aa62-775c7e21dba6,"['appliances.kitchen.meat_grinder', 'appliances.kitchen.washer']"
dd9d1a1c-d9f8-48fa-962a-95de05b13a19,"['appliances.iron', 'appliances.kitchen.washer']"
ddcfc55a-cacb-4f42-b30b-182025f5f590,"['electronics.smartphone', 'auto.accessories.alarm']"
de0683a4-e42b-4896-ba96-d74a14d502b8,"['auto.accessories.videoregister', 'auto.accessories.alarm']"
de8b9599-ea77-4e7b-9d25-ecef2b3d812d,"['appliances.kitchen.refrigerators', 'country_yard.lawn_mower']"
ded2c131-c5a3-42d7-a64a-a1b4c1e98ddb,"['auto.accessories.videoregister', 'auto.accessories.player', 'auto.accessories.alarm']"
df013347-7e48-4b93-b2af-3881394ef91b,"['accessories.bag', 'apparel.shoes']"
df1748af-08ac-41db-a7c2-e3b3bf0fe157,"['electronics.clocks', 'electronics.audio.headphone']"
df6d9cd8-6751-41c9-8cfd-ffba9fd29944,"['furniture.bedroom.blanket', 'electronics.smartphone']"
dff42397-5d5c-46cb-b432-94f218975eda,"['electronics.smartphone', 'computers.notebook']"
e06dfce4-4662-44d5-9292-dfe03e13cf38,"['computers.components.cpu', 'computers.desktop']"
e083688f-177e-89a5-e201-34a1fd4af615,"['computers.desktop', 'computers.notebook']"
e0a30ad7-e327-482b-bf65-4aa45bfb7214,"['computers.components.cpu', 'computers.components.motherboard']"
e0e8ef86-0c23-4bee-ad3b-ef763126bcf4,"['apparel.shoes.keds', 'apparel.shoes']"
e12832dc-f67c-4574-b7d3-4f582529c4f8,"['electronics.video.tv', 'electronics.smartphone']"
e1ff98cc-3aa1-4a90-b216-f93b8b9a61f0,"['appliances.kitchen.mixer', 'appliances.kitchen.kettle', 'appliances.kitchen.blender']"
e22115e4-56a1-4da8-8e40-e0fd5e3b4130,"['auto.accessories.player', 'electronics.audio.subwoofer']"
e2d7b737-e5f5-4aa0-8005-f1733c7a39f3,"['appliances.environment.vacuum', 'electronics.clocks']"
e2f35bf9-0026-4165-b62b-bba028dcc391,"['electronics.smartphone', 'accessories.bag']"
e390eb00-1110-4e0e-9ac0-2f7d9bf36908,"['electronics.video.tv', 'electronics.smartphone']"
e3ed6ffe-8a64-4354-a5b6-32204a74877b,"['auto.accessories.player', 'electronics.audio.subwoofer']"
e47a622d-5934-4512-8d0a-90de006b1be0,"['electronics.smartphone', 'appliances.personal.massager']"
e4bd96ec-3835-46e5-b014-71e0044599c6,"['computers.desktop', 'computers.notebook', 'computers.components.hdd']"
e513c757-b6fb-4bc1-a379-bfb7411f3b86,"['auto.accessories.compressor', 'construction.tools.welding']"
e5c5a26a-c94a-4f7d-adf2-5ce77dffff85,"['computers.components.cpu', 'computers.components.motherboard']"
e62b7431-7c84-4747-a081-2340346088cd,"['auto.accessories.player', 'electronics.smartphone']"
e6eaa389-8c9d-4a99-b0d8-0ee2dfd5b2cc,"['sport.bicycle', 'apparel.shoes.moccasins']"
e793f295-531f-4768-9c0d-bf84f9693107,"['apparel.underwear', 'apparel.shoes']"
e7e9bac7-e1e4-4f5b-9e95-e8138f5880d8,"['furniture.kitchen.table', 'furniture.living_room.sofa']"
e80cbc26-13a2-4f83-b7d6-99625666e8a3,"['computers.peripherals.monitor', 'computers.components.videocards']"
e86fc5a7-573b-40c4-8214-52bc5e0baac2,"['auto.accessories.player', 'electronics.audio.subwoofer']"
e8752f00-8264-407b-8f78-0cdcf502f147,"['appliances.kitchen.refrigerators', 'appliances.kitchen.meat_grinder']"
e8920f37-c979-482c-89ba-50de6fce5cbf,"['apparel.shoes.keds', 'apparel.shoes']"
e966333c-dbfd-43c8-b5cc-a101af6a813c,"['electronics.tablet', 'computers.notebook']"
e97c9b61-7406-478a-9218-b090d7b10d8f,"['electronics.smartphone', 'electronics.clocks']"
e9c4552f-9fc9-45b9-a6a9-8a5b9f21ecd4,"['electronics.smartphone', 'electronics.audio.headphone']"
e9e0edef-567f-471d-ac0d-0f707c171dce,"['furniture.kitchen.table', 'furniture.living_room.cabinet']"
eaeefa7d-5c2c-4714-b36a-7252de818357,"['auto.accessories.player', 'electronics.audio.subwoofer']"
ebf1f09f-c88e-418b-837e-83b9e2fd14f2,"['appliances.kitchen.oven', 'appliances.kitchen.hob']"
ec5879bb-ad22-4b2a-a4ae-3565bff55334,"['kids.skates', 'sport.bicycle']"
ec81a4a8-13fa-4f6a-a9b0-1973c5ac1aa0,"['electronics.smartphone', 'computers.notebook']"
ed2577c8-cc03-4662-a189-fbd20a2f2c82,"['apparel.shoes.keds', 'electronics.smartphone']"
ed3daec6-c7f2-42ad-8966-49e9522417db,"['appliances.kitchen.kettle', 'appliances.kitchen.washer']"
ee4ea898-bd13-41b1-85a7-71bf4a5b1282,"['apparel.shoes.keds', 'apparel.shoes']"
ee60d353-e345-462f-8ef2-01c35ab508f8,"['electronics.smartphone', 'computers.notebook']"
eeabdffb-b1b2-4d1f-b05b-7a109a9f505f,"['appliances.kitchen.refrigerators', 'furniture.kitchen.chair']"
ef00bc9e-f9ba-4bf8-9647-3d11a957ef63,"['computers.components.power_supply', 'computers.components.motherboard']"
ef221185-01c9-43ec-afcb-0d82ac434c64,"['computers.desktop', 'computers.notebook']"
ef8efd98-6755-443e-b920-c6d544506df7,"['electronics.smartphone', 'appliances.kitchen.toster']"
f021929e-0bef-4a07-abec-87df3b043ef7,"['auto.accessories.player', 'electronics.audio.subwoofer']"
f02fb3a7-92a8-4b97-aaed-c2eec97f8453,"['computers.components.cooler', 'computers.desktop', 'computers.components.hdd']"
f1874229-ea19-45ae-ae5a-2cb8500dbfe5,"['apparel.shoes.keds', 'apparel.shoes']"
f19ad7a2-6e8e-44cf-8651-53264bea0022,"['electronics.smartphone', 'electronics.audio.headphone']"
f1a56197-56ee-4d94-ac81-de149775b40d,"['electronics.smartphone', 'electronics.clocks']"
f203693d-f8a9-4e17-a58c-2a36bc5673d5,"['auto.accessories.videoregister', 'auto.accessories.alarm']"
f2d31666-ade8-4089-b90e-77cc22b130cf,"['electronics.video.tv', 'electronics.audio.headphone']"
f3190cd9-e6d0-4868-91d1-ad6e57bd2dc7,"['appliances.environment.air_heater', 'apparel.shoes']"
f477bd88-a281-4131-9333-15d19117315f,"['auto.accessories.videoregister', 'electronics.smartphone']"
f484c25b-4955-4a6a-ba2e-cb27e537dad6,"['electronics.smartphone', 'computers.notebook']"
f520e639-9da9-4fba-a0e6-c864521bdf21,"['auto.accessories.player', 'electronics.audio.subwoofer']"
f52faddc-8c60-410e-af85-c65f80358392,"['apparel.shoes.keds', 'apparel.shoes']"
f55d4859-12fd-4c62-9ace-0dfdb8d48eda,"['electronics.smartphone', 'apparel.shoes']"
f67ba652-889b-4bec-ae2e-2717389c5bb4,"['furniture.bedroom.bed', 'furniture.living_room.cabinet']"
f68fdf59-304f-4b42-be19-935f23fc548f,"['electronics.smartphone', 'electronics.clocks']"
f699b85a-4c85-42f3-ab1f-5f3f988cd620,"['appliances.environment.water_heater', 'construction.components.faucet']"
f6bdd090-4ff9-4594-a5c2-b1128c11329b,"['electronics.clocks', 'electronics.audio.headphone']"
f6d753b2-ebe6-47d3-9d4a-405fc61ee202,"['electronics.video.tv', 'electronics.smartphone']"
f71fd09d-0e65-47dd-9a05-b55efe6d4032,"['computers.notebook', 'electronics.audio.headphone']"
f729da19-3fa5-4db3-9d0e-ca548211ccb1,"['accessories.bag', 'apparel.shoes']"
f75b605e-9639-4033-8b46-f7f65a09be4c,"['electronics.video.tv', 'furniture.bedroom.bed']"
f786b892-883c-424d-9a60-bd4730e521b7,"['electronics.video.tv', 'construction.tools.generator']"
f79d1547-b2f2-4e67-a270-158c85e40e92,"['furniture.kitchen.table', 'furniture.living_room.cabinet']"
f82d7b74-cf1a-db61-ea15-d672a1091f19,"['furniture.kitchen.table', 'furniture.living_room.cabinet']"
f8bc73a9-99e3-4b69-a152-80f4ad0d535c,"['appliances.kitchen.refrigerators', 'electronics.clocks']"
f9b5fa90-692f-45bc-a1ab-148df1f40eff,"['electronics.smartphone', 'electronics.clocks']"
fa4ba1b7-4d12-44b5-ae87-50c3c979c0ce,"['appliances.environment.vacuum', 'kids.skates']"
fb709cca-a6d1-4152-8a75-352860fab6fc,"['appliances.environment.air_heater', 'appliances.environment.air_conditioner']"
fb7deb01-bd6c-427f-9959-222b89db1b2e,"['auto.accessories.player', 'electronics.audio.headphone']"
fc762231-b037-486f-901c-28c82d6a73d6,"['furniture.living_room.chair', 'kids.carriage']"
fd11db63-6995-4f85-a5e8-46799d0fd530,"['apparel.shoes.keds', 'apparel.shoes']"
fd9bfda8-df90-439b-bc7c-249e52dc2511,"['apparel.shoes.keds', 'apparel.shoes']"
fde0a90d-0604-4d53-9624-db91206bcc94,"['electronics.smartphone', 'electronics.tablet']"
fe883df1-0f48-44ec-9ab0-9a5fe7b58932,"['apparel.trousers', 'apparel.tshirt']"
fec1cb0f-2ecd-4f7c-ba4b-24cdc0568031,"['computers.components.cpu', 'computers.notebook']"
feeadb91-9a10-4969-9b7c-ba37dc677d79,"['appliances.kitchen.refrigerators', 'appliances.kitchen.washer']"
fef764b7-cdcf-4ca8-8cad-e6b278139029,"['auto.accessories.videoregister', 'electronics.audio.subwoofer']"
ff0e6ff1-ba84-4b33-aa1c-8d12349f0c9e,"['electronics.smartphone', 'electronics.clocks']"
ff1a6d18-a696-42b8-ae60-4bae7ab3fca7,"['computers.peripherals.mouse', 'computers.notebook']"
ffd8cdd6-fc3a-4ab8-882c-16f8bec14b33,"['appliances.kitchen.refrigerators', 'appliances.kitchen.washer']"
